{
  "linear_regression": {
    "test_rmse": 0.16177039527224407,
    "test_r2": 0.9606926797818196,
    "cv_rmse_mean": 0.8361061247855893,
    "cv_rmse_std": 0.5983968988643236
  },
  "random_forest": {
    "test_rmse": 0.07233903259023165,
    "test_r2": 0.9921400327498799,
    "cv_rmse_mean": 0.24132737189028175,
    "cv_rmse_std": 0.12592595267040912
  }
}